x,y,z,xt,yt,zt
-0.709453, -0.555895, -1.547785,0.000000,0.000000,-0.000000
-0.369614, 0.116346, -0.879632,0.019687,-0.104032,0.564100
-0.350915, -0.365267, -1.354521,0.018285,-0.072490,0.555918
-0.467410, 0.106434, -0.887827,0.008204,-0.061690,0.506819
-0.062123, 0.008172, -0.870259,0.189558,-0.077444,0.382530
-0.727143, -0.368492, -1.304282,0.392610,-0.078485,0.373866
-0.032557, -0.262786, -1.189308,0.151097,-0.057534,0.383323
-0.644542, -0.462621, -1.405634,-0.355233,-0.000145,0.322164
-0.136044, -0.030413, -0.905533,0.420653,-0.065545,0.355321
-0.521366, -0.052922, -1.035599,0.372000,-0.057791,0.340663
0.422462, -0.034304, -1.354910,0.179358,-0.063510,0.353935
0.010756, -0.282690, -1.232658,-0.426185,-0.049647,0.284687
-0.101112, 0.074794, -0.883791,-0.328359,-0.030416,0.277703
-0.535101, -0.482655, -1.438250,0.346164,-0.050784,0.242277
-0.507132, -0.089515, -1.060503,0.231743,-0.035604,0.263826
-0.182609, 0.188394, -0.819398,-0.061208,0.169402,0.293995
-0.661724, -0.394888, -1.320336,-0.066680,0.224316,0.301575
-0.187091, 0.137981, -0.762002,-0.069414,-0.336557,0.186461
-0.007473, -0.662468, -1.661666,-0.064233,-0.299431,0.190311
0.029410, -0.110130, -0.923256,-0.061264,0.213340,0.284438
-0.254495, -0.180495, -1.091238,-0.046107,0.287882,0.291755
0.000943, -0.490539, -1.473916,-0.052557,0.234695,0.266835
-0.385924, 0.233093, -0.806219,-0.052257,0.054210,0.258168
-0.124757, -0.407667, -1.359354,-0.056049,-0.249178,0.173525
-0.078083, -0.333249, -1.303635,-0.065401,-0.261723,0.185052
0.084468, -0.131654, -0.888411,-0.031068,0.134890,0.238079
0.265022, -0.079156, -1.105482,-0.040558,0.088212,0.224594
0.164284, -0.086490, -1.083760, , , 
-0.167812, -0.317731, -1.254536, , , 
-0.118530, 0.049167, -0.881759, , , 
-0.502488, -0.048341, -1.022446, , , 
-0.135865, -0.031427, -0.896110, , , 
-0.194510, -0.308745, -1.229122, , , 
-0.192547, -0.361265, -1.221488, , , 
-0.399970, 0.008924, -1.005989, , , 
-0.095627, -0.098329, -1.068406, , , 
-0.181174, -0.424057, -1.402098, , , 
-0.139092, -0.613806, -1.633047, , , 
-0.216517, -0.242186, -1.134713, , , 
0.515227, -0.164987, -1.096992, , , 
-0.637682, -0.458785, -1.389721, , , 
-0.328333, 0.187401, -0.851315, , , 
-0.206169, 0.043687, -0.729107, , , 
-0.466397, 0.105815, -0.888685, , , 
0.104225, 0.110584, -0.877466, , , 
-0.011751, 0.223406, -0.804908, , , 
-0.521435, -0.054958, -1.036234, , , 
-0.039066, -0.229630, -1.214345, , , 
0.211011, 0.149351, -0.804924, , , 
-0.525349, -0.160572, -1.133526, , , 
-0.300360, -0.069276, -0.820427, , , 
-0.307489, -0.498228, -1.508883, , , 
-0.367819, -0.531693, -1.550506, , , 
0.212912, -0.122851, -0.915969, , , 
-0.000219, -0.497798, -1.340436, , , 
-0.168362, 0.010327, -0.940880, , , 
-0.044558, 0.022281, -0.862624, , , 
0.143875, 0.166568, -0.806424, , , 
-0.012650, -0.652851, -1.616540, , , 
-0.197833, -0.358135, -1.211638, , , 
-0.575911, -0.259794, -1.276932, , , 
-0.182094, -0.109027, -0.844223, , , 
-0.388664, -0.216596, -1.109001, , , 
-0.245149, -0.029775, -0.749129, , , 
-0.645685, -0.457575, -1.385216, , , 
-0.668330, -0.393669, -1.330359, , , 
0.007637, -0.064107, -0.883559, , , 
0.164127, -0.093162, -1.090745, , , 
-0.183912, 0.186403, -0.819730, , , 
-0.129505, 0.069675, -0.771387, , , 
-0.409044, 0.240796, -0.805710, , , 
-0.175319, -0.128833, -1.060538, , , 
0.522760, -0.164445, -1.111640, , , 
0.386859, -0.161775, -0.885919, , , 
-0.184262, 0.186711, -0.822206, , , 
-0.122782, 0.149532, -0.867344, , , 
-0.194176, -0.626270, -1.606067, , , 
-0.058374, 0.067518, -0.867933, , , 
-0.398735, 0.005477, -1.006084, , , 
-0.156276, 0.076709, -0.723993, , , 
-0.534706, -0.438953, -1.456620, , , 
-0.088791, -0.039472, -0.871494, , , 
-0.508979, -0.094625, -1.070340, , , 
-0.043476, -0.205925, -1.154916, , , 
-0.386032, 0.124455, -0.898637, , , 
-0.062706, 0.010796, -0.868739, , , 
-0.177028, -0.312686, -1.227572, , , 
0.103258, 0.109730, -0.863627, , , 
-0.343427, -0.133957, -1.064056, , , 
0.378709, 0.074927, -0.877180, , , 
-0.074271, -0.139086, -1.076565, , , 
-0.469709, -0.219463, -1.159918, , , 
-0.678864, -0.225790, -1.255306, , , 
-0.466498, 0.106164, -0.889845, , , 
-0.384137, 0.090098, -0.929826, , , 
-0.127904, 0.069562, -0.774006, , , 
-0.058255, -0.529840, -1.528450, , , 
0.199548, 0.115378, -0.836565, , , 
-0.156275, 0.077475, -0.723091, , , 
-0.208291, 0.042322, -0.729904, , , 
-0.080075, -0.138392, -1.020219, , , 
-0.428305, -0.051668, -1.047996, , , 
-0.375556, 0.247794, -0.741618, , , 
-0.371959, 0.197507, -0.845158, , , 
-0.303109, 0.229566, -0.773880, , , 
-0.572066, -0.263987, -1.265059, , , 
-0.504350, -0.046741, -1.018209, , , 
-0.209046, 0.039946, -0.730994, , , 
-0.134607, -0.030373, -0.902299, , , 
0.013110, -0.010929, -0.965429, , , 
-0.105415, 0.107295, -0.852387, , , 
-0.331544, 0.188299, -0.841392, , , 
0.277451, 0.098193, -0.855153, , , 
-0.261287, -0.019980, -0.744941, , , 
-0.034733, -0.427410, -1.372708, , , 
-0.387268, -0.217242, -1.105314, , , 
-0.021554, 0.035216, -0.844020, , , 
-0.423019, 0.072249, -0.941269, , , 
-0.442614, 0.014943, -1.024654, , , 
-0.365180, -0.531077, -1.552866, , , 
-0.353644, -0.384448, -1.337332, , , 
0.144524, 0.166141, -0.802588, , , 
-0.420648, 0.070392, -0.942342, , , 
-0.849860, -0.479906, -1.486597, , , 
0.211702, -0.126414, -1.098320, , , 
-0.977534, -0.397329, -1.459299, , , 
-0.180650, -0.108487, -0.841433, , , 
-0.578251, -0.329293, -1.259277, , , 
-0.171203, -0.319049, -1.263442, , , 
-0.478102, 0.167747, -0.828158, , , 
-0.047673, 0.020800, -0.862879, , , 
-0.464399, 0.274853, -0.777257, , , 
0.171393, 0.182923, -0.790258, , , 
-0.243676, 0.162218, -0.859869, , , 
-0.186052, -0.633944, -1.621284, , , 
-0.845867, -0.476076, -1.476447, , , 
-0.972073, -0.399744, -1.463612, , , 
-0.320094, -0.108650, -0.894480, , , 
-0.139443, 0.173749, -0.851095, , , 
-0.155978, -0.384794, -1.398932, , , 
-0.831231, -0.189216, -1.266487, , , 
-0.372187, 0.197104, -0.846985, , , 
0.345978, -0.159148, -0.912709, , , 
-0.053639, -0.619414, -1.630121, , , 
0.161756, -0.093961, -1.093725, , , 
-0.019702, 0.245706, -0.791034, , , 
-0.432507, -0.050924, -1.057242, , , 
-0.262974, -0.025940, -0.775598, , , 
-0.936467, -0.546755, -1.540747, , , 
-0.049398, 0.089620, -0.894753, , , 
0.398161, -0.163849, -0.909048, , , 
-0.413389, 0.221935, -0.815232, , , 
-0.259868, -0.397284, -1.397886, , , 
-0.183384, -0.501073, -1.481646, , , 
-0.419065, 0.171205, -0.869696, , , 
-0.600081, -0.067003, -1.055782, , , 
-0.851718, -0.476921, -1.483890, , , 
-0.557931, -0.089749, -1.068956, , , 
-0.485855, 0.170734, -0.834074, , , 
-0.464891, 0.105203, -0.887331, , , 
-0.756429, -0.370164, -1.291723, , , 
-0.492209, -0.233561, -1.220031, , , 
-0.539558, -0.346661, -1.368050, , , 
-0.073272, -0.497796, -1.456352, , , 
-0.481791, 0.169439, -0.831531, , , 
-0.793284, -0.293331, -1.243259, , , 
0.001913, -0.494841, -1.492470, , , 
-0.922403, -0.604921, -1.592820, , , 
-0.525982, 0.175064, -0.830317, , , 
-0.574879, -0.087635, -1.063876, , , 
-0.478030, 0.124440, -0.874725, , , 
-0.562697, -0.250667, -1.245664, , , 
-0.197994, 0.098264, -0.727034, , , 
0.467385, -0.055624, -1.023150, , , 
-0.077228, 0.063270, -0.879117, , , 
-0.112067, 0.113704, -0.926136, , , 
0.166816, 0.160479, -0.801810, , , 
-0.386728, -0.275795, -1.164660, , , 
-0.062037, -0.535072, -1.541846, , , 
-0.813566, -0.209842, -1.254993, , , 
-0.182455, -0.421546, -1.396354, , , 
0.006277, -0.278662, -1.223077, , , 
0.506921, -0.091740, -1.072859, , , 
0.167901, 0.162146, -0.802268, , , 
0.178775, 0.122207, -0.847538, , , 
0.479815, 0.050936, -0.892582, , , 
0.285037, -0.141225, -1.150608, , , 
0.301734, 0.127889, -0.823476, , , 
0.390067, 0.195589, -0.767455, , , 
0.474464, -0.059250, -1.035426, , , 
-0.180738, -0.107988, -0.841720, , , 
0.281135, -0.071309, -1.112250, , , 
-0.799795, -1.170928, -2.602167, , , 
-0.097009, -0.571753, -1.547062, , , 
-0.026274, -0.647289, -1.539074, , , 
0.000246, -0.490719, -1.497291, , , 
0.133834, 0.131256, -0.840541, , , 
0.000605, -0.103174, -1.205594, , , 
-0.994680, -0.889800, -1.955483, , , 
-0.027939, -0.432883, -1.382045, , , 
-0.324215, -0.043851, -0.946975, , , 
-0.138625, 0.019546, -0.767662, , , 
-0.507094, -0.014120, -0.982912, , , 
0.276794, 0.097930, -0.855749, , , 
-0.119117, -0.420774, -1.374949, , , 
-0.695004, 0.012623, -0.977184, , , 
-0.379642, -0.014498, -1.015080, , , 
-0.528421, 0.178224, -0.838819, , , 
-0.747945, -0.524303, -1.549143, , , 
-0.827537, -0.476568, -1.434395, , , 
0.399415, -0.042951, -1.294441, , , 
0.189518, 0.153421, -0.801828, , , 
0.390135, -0.139050, -1.106032, , , 
-0.505803, -1.412190, -3.187650, , , 
-0.214798, -0.242761, -1.132045, , , 
0.691161, -0.194023, -0.970399, , , 
-0.379631, -0.013295, -1.012069, , , 
-0.675363, -0.036365, -1.027549, , , 
-0.133001, -0.076277, -0.934726, , , 
-0.058492, 0.069960, -0.876842, , , 
0.524627, -0.164771, -1.109537, , , 
-0.183603, -0.316339, -1.245510, , , 
-0.840415, -0.189548, -1.277279, , , 
-0.081121, -0.138153, -1.089128, , , 
-0.172320, -0.425513, -1.394705, , , 
-0.286212, -0.044514, -0.823599, , , 
-1.016068, -0.454960, -1.446687, , , 
0.193678, 0.239020, -0.743434, , , 
0.495707, -0.085166, -1.042369, , , 
0.104495, 0.023632, -0.993682, , , 
0.073280, -1.437330, -2.336271, , , 
-0.776277, -1.141330, -2.508362, , , 
-0.527281, -0.442665, -1.446590, , , 
0.137212, 0.133692, -0.856913, , , 
0.683038, -0.191366, -0.937818, , , 
-0.108709, -0.473341, -1.470877, , , 
-0.232535, -0.259347, -1.241726, , , 
-0.359871, -0.386289, -1.351924, , , 
0.788917, -0.195191, -0.967650, , , 
0.010643, -0.071563, -0.885930, , , 
-0.861451, -0.419791, -1.386920, , , 
0.619723, -0.653646, -1.084500, , , 
-0.998318, -0.890378, -1.954543, , , 
-0.149884, 0.028595, -0.867258, , , 
-0.095519, -0.093611, -0.806531, , , 
-0.368890, -1.129883, -2.456698, , , 
-0.518401, -0.282603, -1.274426, , , 
-0.198854, 0.096703, -0.726183, , , 
0.007090, -0.035877, -0.928118, , , 
-0.509068, -0.095306, -1.066305, , , 
-0.191198, -0.368245, -1.287217, , , 
-0.501801, -0.316124, -1.254460, , , 
-0.176842, -0.074863, -0.918941, , , 
-0.936247, -0.212239, -1.261613, , , 
0.387364, -0.655592, -1.056310, , , 
-0.545248, -0.392756, -1.455283, , , 
-0.107469, 0.065783, -0.868872, , , 
-0.742828, -0.512073, -1.462926, , , 
-0.603853, -0.033407, -1.019696, , , 
-0.253358, -0.003657, -0.706668, , , 
-0.694365, 0.013910, -0.974413, , , 
-0.959608, -0.516541, -1.518420, , , 
-0.919494, -0.576388, -1.569913, , , 
-1.196197, -1.358611, -2.764279, , , 
0.025236, -0.452299, -0.662609, , , 
-0.691103, 0.009774, -0.973996, , , 
-0.092244, -0.150909, -1.036179, , , 
-0.090682, -0.038728, -0.869885, , , 
0.592006, -0.172341, -1.110590, , , 
-0.377685, 0.152262, -0.877003, , , 
-0.485113, 0.171407, -0.831350, , , 
0.338615, -0.597685, -1.047139, , , 
-0.128576, -0.067978, -0.915340, , , 
-0.943041, -0.193872, -1.289951, , , 
0.397336, -0.034361, -1.111786, , , 
0.702216, -0.192550, -0.941379, , , 
-0.091526, -0.038283, -0.874193, , , 
0.534154, 0.134628, -0.831420, , , 
0.500129, -0.093414, -1.057613, , , 
1.921610, -1.933627, -2.162891, , , 
1.358017, -1.396940, -2.247283, , , 
0.940965, -1.166517, -1.783516, , , 
-1.228059, -1.090367, -2.235012, , , 
-0.027415, 0.222703, -0.802614, , , 
-0.085608, -0.157968, -1.019196, , , 
-1.126445, -1.364556, -2.781795, , , 
-1.130239, -1.282663, -2.516633, , , 
-0.011393, -0.094028, -1.075097, , , 
-1.209590, -1.367278, -2.776841, , , 
-0.243365, 0.158445, -0.850855, , , 
-0.257201, 0.137293, -0.835391, , , 
0.605371, -0.017094, -0.993973, , , 
-0.025131, -0.433373, -1.381488, , , 
0.688870, -0.021457, -1.001001, , , 
0.188608, 0.122050, -0.885869, , , 
-1.360553, -1.638891, -2.864174, , , 
-0.325934, 0.013974, -1.046496, , , 
1.072030, -1.321770, -2.113029, , , 
-0.005716, -0.505340, -1.333871, , , 
0.910245, -1.752530, -2.672539, , , 
-0.027205, -0.246877, -1.065098, , , 
-0.279786, -1.083911, -2.278095, , , 
0.930081, -0.553034, -1.176904, , , 
0.689565, -0.028042, -0.986017, , , 
0.283179, -0.058045, -1.128396, , , 
-0.659876, -0.403953, -1.360086, , , 
0.205137, -0.124687, -1.087091, , , 
0.788576, -0.193218, -0.966239, , , 
0.962763, -1.187918, -1.818180, , , 
-0.334809, -1.363731, -2.105072, , , 
-0.587415, -0.034334, -1.000982, , , 
0.397168, -0.166369, -0.915125, , , 
0.943712, -0.112574, -1.036687, , , 
0.720051, -0.331620, -0.845857, , , 
-0.232155, -0.356489, -1.307719, , , 
0.938360, -0.112043, -1.027990, , , 
0.603873, -0.122000, -1.075341, , , 
1.347454, -1.383101, -2.224733, , , 
-0.086750, -0.038219, -0.874825, , , 
2.389043, -1.820813, -2.825991, , , 
0.291411, -0.143554, -1.199676, , , 
0.923854, -0.659477, -1.112311, , , 
0.733818, -0.029681, -0.978842, , , 
0.895462, -0.392379, -1.201276, , , 
-1.003240, -1.590288, -2.710368, , , 
1.849670, -2.190041, -2.379678, , , 
-0.274213, -1.126193, -2.406220, , , 
0.794406, -0.196973, -0.975364, , , 
0.930587, -0.110435, -1.011501, , , 
0.284123, -1.462896, -2.230078, , , 
1.930187, -2.280234, -2.509121, , , 
-0.390417, 0.204865, -0.830153, , , 
0.877205, -0.510482, -0.965772, , , 
1.702022, -1.846226, -2.592876, , , 
0.782462, -0.196404, -0.945919, , , 
0.699572, -0.323993, -0.812898, , , 
0.921491, -0.652886, -1.101338, , , 
0.587627, -0.628118, -0.982238, , , 
0.908700, -1.771301, -2.701237, , , 
1.428126, -1.129890, -2.047047, , , 
0.104856, -1.400120, -2.095054, , , 
1.408864, -0.767251, -1.480059, , , 
1.287420, -1.951437, -2.936043, , , 
-0.290113, 0.001413, -0.864386, , , 
-0.626828, -0.080019, -1.088791, , , 
1.411745, -1.800628, -2.543619, , , 
1.368123, -1.921269, -2.559206, , , 
-0.654871, -0.371798, -1.298318, , , 
-0.381883, -0.214096, -1.088107, , , 
-0.420134, 0.070637, -0.941465, , , 
-0.324949, -0.014302, -0.990385, , , 
1.875442, -2.218412, -2.425601, , , 
-0.022392, -1.389478, -2.032763, , , 
-0.638594, -0.134751, -1.114638, , , 
1.632445, -1.495725, -2.365588, , , 
0.847890, -1.628609, -2.436370, , , 
1.250385, -1.546301, -1.730183, , , 
0.571429, 0.066774, -0.873495, , , 
1.401232, -1.694900, -2.226116, , , 
0.113475, -1.429123, -2.173919, , , 
-0.118199, -0.380685, -1.331956, , , 
-0.625783, -0.084257, -1.074725, , , 
0.259097, -1.082571, -1.585098, , , 
1.839304, -2.174759, -2.368022, , , 
0.597496, -0.633613, -1.015294, , , 
1.071560, -0.751284, -1.397849, , , 
-0.340514, -1.402646, -2.174273, , , 
0.018190, -0.048828, -0.833601, , , 
-0.673734, -0.324425, -1.405676, , , 
0.258273, 0.137947, -0.808794, , , 
-0.324410, -0.427878, -1.427806, , , 
1.599738, -1.452207, -2.278782, , , 
-0.339265, -1.378853, -2.133814, , , 
1.233022, -1.861810, -2.785228, , , 
0.244991, 0.104013, -0.841129, , , 
1.444424, -1.839607, -2.617208, , , 
-0.077881, 0.232627, -0.789821, , , 
0.423855, 0.061443, -0.872445, , , 
0.492042, 0.084433, -0.867300, , , 
-0.415474, 0.174824, -0.878389, , , 
-0.245741, -0.227377, -1.116422, , , 
-0.387837, 0.204282, -0.836911, , , 
0.461530, -0.045330, -1.201658, , , 
0.317047, 0.189083, -0.770597, , , 
0.062475, 0.210989, -0.807776, , , 
0.363943, 0.176524, -0.774207, , , 
-0.168208, -0.342561, -1.255496, , , 
-0.155071, 0.097836, -0.754175, , , 
-0.524891, -0.161003, -1.137665, , , 
-0.115045, 0.050453, -0.860519, , , 
-0.257844, -0.265084, -1.140087, , , 
-0.341051, -0.349886, -1.279447, , , 
0.437238, 0.098016, -0.845788, , , 
0.085417, -0.133351, -0.893471, , , 
-0.119399, 0.037088, -0.776083, , , 
-0.329452, -0.117537, -0.928572, , , 
-0.194540, -0.311730, -1.243540, , , 
-0.060759, 0.007476, -0.983017, , , 
-0.009398, 0.014989, -0.832882, , , 
-0.527051, -0.271443, -1.282135, , , 
-0.050934, -0.023424, -0.877792, , , 
-0.303735, -0.025534, -0.877801, , , 
0.275841, -0.157812, -1.371804, , , 
-0.132460, 0.051570, -0.756476, , , 
-0.375871, 0.235165, -0.800011, , , 
0.448508, 0.058588, -0.883858, , , 
-0.261868, 0.065182, -0.757312, , , 
-0.376254, -0.405339, -1.423640, , , 
0.061840, 0.210614, -0.816737, , , 
-0.564264, -0.269552, -1.226007, , , 
0.166965, 0.161385, -0.802697, , , 
0.348157, 0.181587, -0.779002, , , 
-0.138149, 0.176914, -0.825550, , , 
-0.134310, -0.048819, -0.910566, , , 
0.245048, 0.166302, -0.808609, , , 
-0.262667, 0.065997, -0.768363, , , 
-0.154116, 0.074998, -0.721963, , , 
0.277569, 0.200804, -0.775327, , , 
-0.532841, -0.480094, -1.430092, , , 
0.255038, 0.230016, -0.751424, , , 
-0.252663, -0.381605, -1.342304, , , 
0.246249, 0.223493, -0.750620, , , 
-0.277482, 0.072954, -0.811378, , , 
0.302050, 0.089243, -0.836719, , , 
0.493443, 0.085369, -0.872191, , , 
-0.312594, 0.233751, -0.805653, , , 
-0.376684, 0.158342, -0.874275, , , 
0.616951, -0.109450, -1.084964, , , 
-0.102371, -0.125344, -0.971885, , , 
0.346691, 0.186282, -0.790414, , , 
-0.536185, -0.278794, -1.315802, , , 
-0.316855, -0.023504, -0.921076, , , 
0.360681, 0.190750, -0.820418, , , 
0.299018, 0.195786, -0.779033, , , 
0.002595, -0.047282, -0.923360, , , 
0.235703, 0.145070, -0.813471, , , 
0.119698, -0.117327, -1.009766, , , 
0.447833, -0.184972, -1.258544, , , 
0.235603, 0.143736, -0.817318, , , 
-0.088153, -0.556191, -1.540574, , , 
-0.392212, 0.094696, -0.939191, , , 
0.527339, 0.041052, -0.898261, , , 
-0.507284, -0.091041, -1.063978, , , 
-0.599733, -0.077899, -1.059286, , , 
-0.574137, 0.245134, -0.770859, , , 
-0.262537, 0.065935, -0.767165, , , 
0.574540, 0.066856, -0.888082, , , 
-0.305631, -0.045375, -0.895102, , , 
-0.127141, 0.010959, -0.773064, , , 
-0.094257, -0.140498, -1.131952, , , 
0.221294, 0.108885, -0.836957, , , 
0.559861, 0.142595, -0.805193, , , 
0.693166, 0.109425, -0.860633, , , 
-0.091288, -0.151153, -1.030417, , , 
0.576764, -0.161195, -1.016899, , , 
0.756089, 0.062939, -0.936163, , , 
0.779435, 0.040984, -0.913196, , , 
1.462196, -1.115180, -1.893219, , , 
0.277432, -0.645684, -1.055315, , , 
-0.340627, -1.373401, -2.129111, , , 
-1.355583, -1.638244, -2.860358, , , 
-1.232731, -1.516781, -2.583229, , , 
1.239408, -1.284516, -2.010340, , , 
1.444096, -1.099281, -1.867343, , , 
-0.166729, 0.008308, -0.932632, , , 
1.425671, -1.256194, -2.097862, , , 
-0.032392, 0.014304, -0.890072, , , 
0.675370, 0.158154, -0.780994, , , 
-0.362920, 0.180748, -0.855524, , , 
0.741308, -0.263313, -0.883637, , , 
0.836946, -1.581158, -2.359139, , , 
1.482251, -1.316594, -2.219172, , , 
0.944021, 0.015155, -0.995942, , , 
1.295918, -1.213384, -2.022823, , , 
1.414797, -1.812903, -2.554611, , , 
0.639012, 0.051040, -0.879726, , , 
-0.166990, -0.045600, -1.009221, , , 
0.643722, 0.095870, -0.748167, , , 
0.621250, -0.118769, -1.119263, , , 
-0.017442, -0.796373, -1.078994, , , 
0.792763, 0.038376, -0.939562, , , 
0.489870, 0.089038, -0.859207, , , 
0.905459, 0.079982, -0.897490, , , 
0.904699, 0.081092, -0.896319, , , 
1.794316, -1.155032, -1.929373, , , 
0.793879, 0.041095, -0.939718, , , 
1.841947, -1.187866, -1.995556, , , 
1.815898, -1.166076, -1.944072, , , 
0.290002, -0.149277, -1.218496, , , 
1.463851, -1.043632, -1.871390, , , 
1.585167, -1.279242, -2.146966, , , 
0.749640, 0.059762, -0.928661, , , 
0.155470, 0.127376, -0.834089, , , 
0.527785, 0.040840, -0.895563, , , 
-0.060400, 0.062782, -0.894746, , , 
-0.246093, -0.428030, -1.461608, , , 
1.008451, -0.097863, -1.094635, , , 
-0.050972, -0.024948, -0.881316, , , 
-0.142423, 0.003908, -0.721955, , , 
-0.004017, 0.049449, -0.920101, , , 
1.161250, 0.181041, -0.850801, , , 
0.989222, 0.111590, -0.870897, , , 
1.579660, -0.954736, -1.630483, , , 
0.022190, -0.173655, -0.865887, , , 
1.347935, -1.383818, -2.226242, , , 
0.978189, 0.109239, -0.848493, , , 
1.170493, 0.050472, -0.896475, , , 
0.907023, 0.079971, -0.906454, , , 
0.718651, -0.259832, -0.898844, , , 
0.913597, 0.096423, -0.922230, , , 
1.022838, 0.119025, -0.931151, , , 
1.294519, -1.213978, -2.023493, , , 
0.691794, 0.215899, -0.751561, , , 
1.080010, -1.388749, -2.288317, , , 
0.886792, 0.230641, -0.696470, , , 
1.287535, 0.019314, -1.177038, , , 
0.914396, -0.065107, -1.002560, , , 
0.989497, 0.110911, -0.865543, , , 
0.897375, -1.050829, -1.907676, , , 
0.427708, -0.159768, -1.293224, , , 
1.200417, -0.027687, -1.029918, , , 
0.676179, 0.159982, -0.785444, , , 
1.102290, -0.042346, -0.970578, , , 
0.369171, 0.112929, -0.834856, , , 
0.018696, -0.215725, -0.845940, , , 
0.930945, -0.066324, -1.039705, , , 
1.457842, -1.143890, -1.872967, , , 
0.925481, 0.227841, -0.850505, , , 
0.447204, 0.058166, -0.877323, , , 
0.234304, -0.082131, -1.152510, , , 
0.299531, 0.092970, -0.857944, , , 
1.070407, -1.371370, -2.256073, , , 
1.093773, -0.037420, -0.965467, , , 
1.590251, -0.764642, -1.439041, , , 
0.987059, 0.107681, -0.860764, , , 
0.650536, 0.125147, -0.813449, , , 
0.689067, -0.037623, -0.999638, , , 
0.995697, 0.110086, -0.878773, , , 
1.659718, -1.350544, -2.300535, , , 
0.958373, -0.987940, -1.736165, , , 
0.675617, 0.161095, -0.791194, , , 
1.130821, 0.006770, -0.930102, , , 
0.909097, 0.081495, -0.893145, , , 
0.488051, -0.637627, -1.053489, , , 
1.472547, -0.836044, -1.636704, , , 
0.901338, 0.215191, -0.754145, , , 
0.020678, -0.135381, -0.893141, , , 
0.909925, -0.066245, -0.991562, , , 
0.716924, -0.283513, -0.867357, , , 
1.430243, -0.800312, -1.550969, , , 
1.445140, -1.150354, -2.094214, , , 
1.692677, -1.038219, -1.872658, , , 
0.716981, -0.287450, -0.883402, , , 
0.246433, 0.107749, -0.844972, , , 
0.948144, 0.001278, -0.919085, , , 
1.490174, -1.066685, -1.932390, , , 
0.696471, 0.221196, -0.759277, , , 
0.199638, 0.115334, -0.833479, , , 
0.441128, -0.522240, -0.760587, , , 
1.804993, -1.215394, -2.060552, , , 
0.908242, -1.055663, -1.934013, , , 
1.620871, -1.211471, -1.968897, , , 
1.040005, 0.000773, -0.927544, , , 
0.294125, -1.436512, -2.176062, , , 
0.015975, -0.173084, -0.882459, , , 
0.961996, -0.100798, -0.908210, , , 
-0.071850, -1.389758, -2.122547, , , 
0.831933, -0.489955, -0.793378, , , 
0.377020, 0.074265, -0.870104, , , 
1.107581, -0.044345, -0.972864, , , 
1.591872, -0.758055, -1.441260, , , 
0.819673, -0.827846, -1.377763, , , 
0.168838, -0.098789, -1.079455, , , 
1.198162, -0.032937, -0.830476, , , 
0.991221, -1.041651, -1.858709, , , 
0.940331, 0.237074, -0.861376, , , 
1.296776, -0.610900, -1.132004, , , 
0.267752, -0.640468, -1.027851, , , 
0.679197, -0.038438, -0.978377, , , 
0.867590, 0.195227, -0.679502, , , 
-0.023595, -0.720814, -1.274801, , , 
0.173697, 0.179491, -0.788340, , , 
0.955728, 0.028438, -0.934377, , , 
0.270070, -0.122440, -0.838397, , , 
1.038809, 0.008739, -1.056056, , , 
-0.177058, 0.278682, -0.746163, , , 
-0.112548, 0.111522, -0.904287, , , 
0.317367, 0.187867, -0.776400, , , 
-0.063290, -0.189997, -1.076143, , , 
-0.710753, -0.551626, -1.546343, , , 
0.714005, -0.192198, -0.957977, , , 
0.376348, 0.192762, -0.761584, , , 
-0.193073, -0.504580, -1.502813, , , 
1.480804, -1.052320, -1.861794, , , 
1.342302, -2.548324, -5.810869, , , 
-0.432706, 0.258006, -0.762393, , , 
-0.637758, -0.135353, -1.117742, , , 
-0.697461, -0.447998, -1.382937, , , 
-0.334517, 0.191778, -0.853184, , , 
-0.651936, -0.453102, -1.381816, , , 
-0.598322, -0.234629, -1.243493, , , 
-0.162671, -0.629025, -1.640747, , , 
-0.212403, -0.247260, -1.137654, , , 
0.245009, 0.221271, -0.741663, , , 
-0.849455, -0.409701, -1.375885, , , 
0.163684, 0.280861, -0.730792, , , 
0.275589, 0.098472, -0.850160, , , 
-0.136458, 0.247512, -0.778472, , , 
-0.798221, -0.285844, -1.242785, , , 
0.106367, 0.113181, -0.891396, , , 
0.167265, 0.283408, -0.743328, , , 
-0.588058, 0.230464, -0.756716, , , 
-0.696892, 0.015226, -0.976436, , , 
-0.977994, -0.508702, -1.515515, , , 
0.016043, 0.195673, -0.822781, , , 
-0.674364, 0.326426, -0.777585, , , 
-0.415570, 0.386144, -0.664799, , , 
-0.662273, 0.309843, -0.734096, , , 
-0.553923, 0.277655, -0.702919, , , 
-0.179668, -0.133527, -1.066319, , , 
-0.413359, 0.384736, -0.662640, , , 
-0.457445, 0.293474, -0.786132, , , 
-0.657821, -0.369278, -1.301918, , , 
0.007442, -0.497653, -1.493435, , , 
-0.556621, 0.275344, -0.696245, , , 
-0.702885, -0.097903, -1.084052, , , 
-0.681495, 0.330150, -0.809364, , , 
-0.594282, -0.278080, -1.297494, , , 
-0.021944, 0.037431, -0.816926, , , 
0.007823, -0.048875, -0.799361, , , 
-0.424113, 0.246382, -0.807083, , , 
-0.500345, 0.031652, -0.976107, , , 
-0.268999, 0.053781, -0.802264, , , 
-0.432957, 0.231198, -0.866270, , , 
-0.794988, -0.287229, -1.239401, , , 
-0.392921, 0.138247, -0.909591, , , 
-0.413703, 0.156249, -0.796732, , , 
-0.775054, -0.293224, -1.218086, , , 
-0.674315, -0.226798, -1.252327, , , 
-0.565374, 0.281990, -0.727156, , , 
-0.128274, 0.343173, -1.021339, , , 
-0.184494, 0.153491, -0.772753, , , 
0.034871, -0.255850, -1.185235, , , 
-0.407894, -0.276048, -1.112935, , , 
-0.435144, -0.376079, -1.362447, , , 
-1.017852, -0.459303, -1.458609, , , 
0.019533, 0.196295, -0.835100, , , 
0.921179, 0.095590, -0.829004, , , 
0.754472, 0.040966, -0.887957, , , 
-0.378285, 0.233364, -0.807339, , , 
-0.511908, -0.009339, -0.989698, , , 
0.020846, -0.008990, -0.947127, , , 
0.106936, -0.114881, -0.960292, , , 
0.099882, -0.120233, -1.064785, , , 
0.002724, -0.002644, -0.968544, , , 
0.680442, 0.136432, -0.823029, , , 
0.776373, 0.034712, -0.907058, , , 
0.703941, -0.190407, -0.944471, , , 
1.619136, -1.209169, -1.949188, , , 
1.210351, -0.023504, -1.043995, , , 
1.148368, 0.171522, -0.823188, , , 
1.159581, 0.126682, -0.858888, , , 
0.473266, -0.552010, -0.835895, , , 
0.707105, -0.050108, -1.023394, , , 
1.190171, -0.031836, -0.815429, , , 
0.324536, 0.123922, -0.830981, , , 
0.030555, 0.043447, -0.807910, , , 
0.164377, 0.119328, -0.778534, , , 
1.066746, -0.039524, -0.919029, , , 
1.078246, 0.133935, -0.852347, , , 
0.614048, 0.054171, -0.863125, , , 
0.911771, 0.080740, -0.912735, , , 
0.902401, -0.790285, -1.367800, , , 
0.767494, 0.063137, -0.957544, , , 
0.304591, -0.048581, -1.353486, , , 
1.438754, -1.851036, -2.731776, , , 
0.437156, 0.098376, -0.849252, , , 
1.093229, -0.043281, -0.956313, , , 
0.937403, -0.849739, -1.503003, , , 
1.082552, 0.135633, -0.857069, , , 
0.768627, -0.330869, -1.082203, , , 
0.568998, 0.158665, -0.820283, , , 
1.438285, -1.852884, -2.733365, , , 
2.032695, -0.991719, -2.042678, , , 
1.197102, -0.029846, -0.823756, , , 
1.556442, -1.160651, -1.809165, , , 
0.402040, -0.032005, -0.981079, , , 
0.154067, -0.446666, -0.609617, , , 
1.484787, -1.051106, -1.866731, , , 
1.157941, 0.130799, -0.833083, , , 
0.622480, 0.056924, -0.891574, , , 
1.124375, 0.289519, -0.743056, , , 
1.130225, 0.170692, -0.804698, , , 
1.209167, 0.098738, -0.734195, , , 
0.991438, -0.085688, -0.870238, , , 
1.435654, -0.812657, -1.577431, , , 
0.996693, -0.082030, -0.875130, , , 
1.063991, 0.129773, -0.833750, , , 
0.447170, 0.098439, -0.825771, , , 
0.904972, 0.224683, -0.794848, , , 
1.114292, -0.749280, -1.320315, , , 
0.716225, -0.239213, -0.894388, , , 
1.023977, 0.002535, -1.108056, , , 
1.422440, -1.000902, -1.820110, , , 
0.196451, 0.180343, -0.799263, , , 
1.758872, -1.067341, -1.922777, , , 
1.657479, -1.088334, -1.942227, , , 
-0.093923, -0.155373, -1.047009, , , 
0.884634, 0.212961, -0.772033, , , 
0.951581, -0.569456, -1.003670, , , 
0.746248, -0.269476, -0.970893, , , 
-0.025235, 0.008711, -0.841235, , , 
0.819381, -1.417970, -3.014058, , , 
0.378502, 0.075586, -0.871571, , , 
1.018620, -1.863541, -4.097047, , , 
-0.207650, -0.376616, -1.263274, , , 
-0.651403, -0.224233, -1.224260, , , 
0.132164, 0.131124, -0.833509, , , 
-0.005844, -0.044634, -0.926480, , , 
-0.877667, -0.438134, -1.428020, , , 
-0.682086, -0.225671, -1.260780, , , 
-0.949344, -0.849561, -1.842834, , , 
0.535197, 0.138126, -0.817998, , , 
-0.260755, 0.136888, -0.836538, , , 
0.144594, 0.165113, -0.804746, , , 
-0.465615, 0.276324, -0.781995, , , 
-0.261877, 0.088975, -0.784292, , , 
-0.776931, -0.340359, -1.294156, , , 
-0.139242, 0.256958, -0.775287, , , 
-0.498209, -0.331726, -1.348591, , , 
-0.312967, -0.078736, -0.894011, , , 
-0.702550, 0.047152, -1.017778, , , 
-1.949154, -1.175618, -3.322725, , , 
-0.208028, 0.090089, -0.685203, , , 
-1.282575, -0.841891, -2.222746, , , 
-0.135882, -1.135234, -2.167119, , , 
-0.588300, -0.027976, -1.007199, , , 
-0.022133, 0.037799, -0.812578, , , 
-0.022407, 0.037603, -0.807124, , , 
-0.316358, 0.232351, -0.803589, , , 
-0.499430, 0.032961, -0.988728, , , 
-1.375590, 0.089825, -1.748014, , , 
-0.565201, 0.247080, -0.759771, , , 
-0.660986, 0.307392, -0.731474, , , 
-1.330263, -0.887534, -2.334678, , , 
0.013927, -0.047413, -0.829053, , , 
-0.728456, -0.370727, -1.310912, , , 
-0.312448, 0.017369, -1.007338, , , 
-0.886706, -0.341352, -1.483563, , , 
-0.309411, 0.022227, -1.007674, , , 
-0.421838, 0.168748, -0.852214, , , 
-1.625215, 0.122290, -2.294585, , , 
-1.284317, 0.080426, -1.573729, , , 
0.042510, -0.224114, -1.120573, , , 
-0.108730, -0.573744, -1.534603, , , 
-0.308984, -0.072879, -0.879822, , , 
0.039538, -0.386485, -1.379033, , , 
-0.252750, -1.105174, -2.368599, , , 
-1.326686, 0.339225, -1.456594, , , 
-0.357551, 0.261088, -0.773899, , , 
-0.132939, 0.001944, -0.716005, , , 
-1.384600, -1.014587, -2.292600, , , 
-0.054819, -0.607322, -1.584126, , , 
0.004138, 0.041618, -0.894442, , , 
-0.091455, -0.587996, -1.607737, , , 
-0.121947, -0.019215, -0.975795, , , 
0.038161, -0.219485, -1.085450, , , 
-0.308614, 0.020871, -1.017435, , , 
-0.583833, 0.224286, -0.720113, , , 
-0.584666, -0.334495, -1.257698, , , 
0.077013, -0.237408, -1.212316, , , 
-0.159652, -0.024905, -0.768410, , , 
-0.309543, 0.020434, -1.015144, , , 
0.045687, -0.226177, -1.129577, , , 
-0.591884, -0.349007, -1.350092, , , 
-1.308825, 0.297660, -1.363826, , , 
-1.596763, -0.017940, -1.840558, , , 
-1.391913, -0.278419, -1.331324, , , 
-0.414515, -0.279161, -1.155775, , , 
-1.810397, -0.046517, -1.820995, , , 
-1.346967, 0.083332, -1.687075, , , 
-0.616423, 0.279736, -0.914137, , , 
-1.610811, -0.313061, -1.721265, , , 
-0.742886, -0.515775, -1.456368, , , 
-0.043284, -0.238999, -1.159212, , , 
-0.588736, 0.228683, -0.749302, , , 
-0.742216, -0.306396, -1.255978, , , 
-1.323236, 0.092020, -1.670864, , , 
-1.227135, 0.214584, -1.605829, , , 
-0.247876, -0.227699, -1.110103, , , 
-1.471842, 0.231437, -1.595883, , , 
0.145474, -0.505491, -1.864920, , , 
-0.189802, -0.625627, -1.614361, , , 
-0.929824, -0.214893, -1.260805, , , 
0.187286, -0.119275, -0.957766, , , 
-0.035420, -0.235698, -1.246196, , , 
-0.048012, -0.210973, -1.150026, , , 
0.142235, 0.148505, -0.863707, , , 
-0.013939, 0.223898, -0.811688, , , 
-0.019015, 0.039021, -0.829695, , , 
0.281698, -0.139562, -1.159438, , , 
0.926526, -0.370883, -1.374449, , , 
1.259170, -0.153063, -0.735111, , , 
1.073562, 0.012154, -1.017967, , , 
0.600442, -0.019771, -0.996526, , , 
0.704630, -0.243573, -0.858721, , , 
0.261962, -0.058466, -1.004816, , , 
0.114501, -0.119497, -1.026140, , , 
-0.063195, -0.374190, -1.144244, , , 
0.699570, -0.048031, -0.995425, , , 
0.228522, -0.088300, -1.127864, , , 
0.757417, -0.283914, -0.920750, , , 
1.136956, 0.127934, -0.802648, , , 
0.896847, 0.249206, -0.804814, , , 
1.196765, 0.011628, -0.927543, , , 
0.594502, -0.185014, -1.137186, , , 
0.693199, 0.230018, -0.730825, , , 
0.773590, 0.029840, -0.987973, , , 
1.080067, 0.141234, -0.766322, , , 
1.020788, 0.258268, -0.738795, , , 
1.131260, 0.008127, -0.818507, , , 
0.867300, 0.232067, -0.738110, , , 
0.428112, -0.050717, -1.412633, , , 
0.629620, 0.137665, -0.676486, , , 
0.423871, -0.038857, -1.367910, , , 
0.683362, 0.219640, -0.713015, , , 
0.502800, 0.045521, -0.888181, , , 
0.792282, 0.040208, -0.924774, , , 
0.797680, -0.289417, -1.136734, , , 
0.099937, -0.117047, -0.998733, , , 
0.874336, 0.073696, -0.836824, , , 
1.054157, 0.127178, -0.823562, , , 
0.405215, -0.030432, -0.988301, , , 
0.800514, -0.198757, -0.977599, , , 
0.747850, 0.061269, -0.903249, , , 
0.483521, 0.052227, -0.893193, , , 
0.007565, 0.027248, -0.969969, , , 
0.166584, 0.246158, -0.719394, , , 
-0.449800, 0.079665, -0.933313, , , 
0.027623, -0.181257, -1.054024, , , 
-0.548342, -0.076896, -1.058749, , , 
0.256914, -0.079227, -1.069380, , , 
0.385870, 0.195092, -0.756630, , , 
-0.633526, 0.172539, -0.872844, , , 
-0.262648, -0.395398, -1.378851, , , 
-0.605403, -0.035847, -1.009206, , , 
0.163676, -0.087602, -1.085113, , , 
-0.356923, 0.260921, -0.770834, , , 
-0.016234, 0.244149, -0.783197, , , 
-0.072222, 0.063316, -0.884421, , , 
-0.037655, -0.434165, -1.439372, , , 
-0.413416, 0.030330, -0.987128, , , 
0.053682, -0.361970, -1.322570, , , 
-1.225479, -1.076259, -2.211210, , , 
-0.848823, -0.384455, -1.388401, , , 
-0.003344, -0.023613, -0.862449, , , 
0.084659, -0.132279, -0.893139, , , 
-0.415806, 0.031765, -0.990798, , , 
0.041336, -0.243268, -1.164330, , , 
-0.429086, 0.055148, -0.991198, , , 
-0.026604, -0.820361, -1.569060, , , 
-0.831676, -0.192876, -1.278411, , , 
0.194136, 0.200120, -0.762406, , , 
-0.451751, 0.391393, -0.660015, , , 
0.194725, 0.201691, -0.756796, , , 
-1.014086, -0.902910, -1.994745, , , 
-0.443451, 0.386249, -0.640005, , , 
-0.133111, 0.250835, -0.785304, , , 
-0.458558, 0.165416, -0.852061, , , 
0.056346, 0.326537, -0.720822, , , 
-0.564242, 0.338027, -0.650230, , , 
-0.555436, 0.390298, -0.651432, , , 
-0.498479, 0.310792, -0.716067, , , 
0.035906, -0.105854, -0.887881, , , 
-0.020064, 0.016996, -1.040173, , , 
-0.667764, -0.095130, -1.078898, , , 
0.139974, 0.236186, -0.740610, , , 
-0.296314, -0.063734, -0.804878, , , 
-0.421102, 0.061854, -0.982127, , , 
-0.410193, 0.241715, -0.809026, , , 
-0.147803, 0.067417, -0.748612, , , 
-0.982331, -0.400925, -1.474116, , , 
0.136149, 0.225075, -0.744515, , , 
0.506517, -0.153012, -0.968766, , , 
-0.312928, -0.002589, -0.926067, , , 
-0.415515, 0.384491, -0.669889, , , 
-0.554688, 0.390920, -0.648483, , , 
-0.376956, 0.233888, -0.807198, , , 
-0.370085, 0.198596, -0.832099, , , 
0.060342, 0.336606, -0.691096, , , 
-0.556305, 0.397277, -0.661004, , , 
-0.410626, 0.378243, -0.664857, , , 
-0.563163, 0.278556, -0.715441, , , 
-0.165480, 0.260695, -0.716501, , , 
-0.134755, 0.248937, -0.776956, , , 
0.332166, -0.045228, -1.023368, , , 
0.156735, -0.094951, -1.075949, , , 
0.015391, -0.083679, -0.920859, , , 
-0.628265, 0.171742, -0.862617, , , 
0.225535, 0.235102, -0.739621, , , 
-0.051886, 0.416946, -0.582110, , , 
-0.138718, 0.246780, -0.756536, , , 
-0.302834, -0.073036, -0.835892, , , 
-0.290488, 0.413970, -0.619465, , , 
-0.568245, -0.260434, -1.225630, , , 
0.506998, 0.157469, -0.795809, , , 
0.152126, -0.106944, -1.152147, , , 
-0.210803, 0.456566, -0.589539, , , 
-0.445113, 0.285595, -0.773826, , , 
-0.296036, 0.419485, -0.636483, , , 
-0.564904, 0.481468, -0.592388, , , 
0.228950, -0.097894, -0.803836, , , 
-0.021655, 0.224899, -0.798324, , , 
-0.360537, 0.381632, -0.668316, , , 
-0.015153, 0.223652, -0.787540, , , 
-0.163966, -0.018966, -0.705684, , , 
-0.200249, 0.096806, -0.709993, , , 
-0.296080, 0.420241, -0.633500, , , 
-0.215662, 0.459996, -0.612049, , , 
0.395308, -0.152622, -0.967317, , , 
-0.454135, 0.388086, -0.672737, , , 
0.147394, 0.246459, -0.755718, , , 
0.150511, 0.250732, -0.752872, , , 
0.161994, 0.373641, -0.570848, , , 
-0.052294, -0.191687, -1.075035, , , 
-0.526916, 0.181072, -0.824972, , , 
-0.132402, 0.250556, -0.786008, , , 
0.415466, -0.031628, -0.997102, , , 
0.254606, 0.228350, -0.750813, , , 
0.213791, -0.126145, -0.915442, , , 
-0.329780, -0.011727, -0.994527, , , 
-0.061316, 0.016356, -0.866640, , , 
0.208497, -0.123840, -0.918948, , , 
0.157468, 0.268917, -0.732045, , , 
-0.293882, -0.051052, -0.880925, , , 
0.002997, -0.947570, -1.936710, , , 
-0.880327, -0.146169, -1.322605, , , 
-2.455261, -1.935134, -3.626504, , , 
0.000855, -0.957039, -1.964213, , , 
-0.222337, 0.158998, -0.818066, , , 
-0.359516, -0.384934, -1.363029, , , 
0.006872, -1.237640, -2.329765, , , 
-1.094536, -1.336005, -2.703246, , , 
0.272015, -0.637052, -1.017390, , , 
-0.177847, -0.121865, -1.141278, , , 
-0.078866, -0.300559, -1.269980, , , 
-0.134539, -0.611758, -1.638826, , , 
-1.280729, -0.970478, -2.153438, , , 
-0.025002, -0.859519, -1.685995, , , 
-0.216804, -0.381066, -1.283558, , , 
-0.335725, -0.451540, -1.464885, , , 
-0.925708, -0.547000, -1.530904, , , 
-0.033871, -0.265781, -1.199072, , , 
-0.076880, -0.302786, -1.278099, , , 
-1.285951, -0.948419, -2.149069, , , 
0.489812, -0.088263, -1.032886, , , 
0.056313, -0.375239, -1.368387, , , 
0.137090, -0.856417, -1.126426, , , 
-0.152426, -1.160625, -2.175596, , , 
-0.814935, -1.230310, -2.697829, , , 
-0.344551, -0.059420, -0.981951, , , 
-0.165637, -1.176128, -2.209095, , , 
-0.076040, -0.300750, -1.289141, , , 
0.036931, -0.180525, -1.088146, , , 
-0.074311, -0.301732, -1.297908, , , 
-0.001993, -0.491159, -1.458039, , , 
0.130677, -0.835093, -1.082029, , , 
-0.254728, -0.144482, -1.095137, , , 
-0.159095, -0.131813, -1.009997, , , 
-1.350276, -1.003542, -2.283824, , , 
0.045332, -0.241854, -1.148296, , , 
-0.335225, -0.470897, -1.377975, , , 
-1.059573, -1.479501, -2.587441, , , 
-1.196394, -1.303500, -2.414413, , , 
-0.049665, -0.612186, -1.583564, , , 
-0.184304, -0.519173, -1.526136, , , 
-0.381747, -0.014321, -1.033348, , , 
-1.087249, -1.522836, -2.669973, , , 
-0.027242, -0.439734, -1.422100, , , 
0.283063, -1.466649, -2.244596, , , 
-0.317724, -0.922258, -1.870959, , , 
-1.225961, -1.079978, -2.212054, , , 
-1.242975, -1.349047, -2.486087, , , 
-0.354703, -0.397375, -1.393223, , , 
-1.082698, -1.512641, -2.654115, , , 
-0.351764, -0.255273, -1.130656, , , 
0.268228, -0.640165, -1.027893, , , 
-0.232179, -0.257432, -1.249984, , , 
-0.511664, -0.011629, -0.991196, , , 
0.119767, -0.815460, -1.024000, , , 
-0.571606, 0.246531, -0.769941, , , 
-0.728829, -0.384069, -1.308438, , , 
-0.255757, -0.131402, -0.867903, , , 
0.026758, -0.109079, -0.893970, , , 
-0.066885, -0.499838, -1.479479, , , 
0.458889, -0.148987, -0.947620, , , 
0.184465, -0.115703, -0.953060, , , 
0.108008, -1.421364, -2.125251, , , 
-0.257600, -0.178578, -1.093945, , , 
-0.568148, -0.048843, -1.028755, , , 
-0.095084, -0.113231, -0.878636, , , 
0.253675, 0.229368, -0.745119, , , 
-0.260578, 0.066684, -0.756244, , , 
-0.359755, 0.230959, -0.805218, , , 
0.010032, -0.062260, -0.866206, , , 
-0.421953, 0.259605, -0.752163, , , 
-0.396268, 0.354088, -0.670251, , , 
-0.838484, -0.186297, -1.268039, , , 
0.424243, 0.190096, -0.786678, , , 
0.421652, 0.192902, -0.775858, , , 
0.151785, -0.105489, -1.137471, , , 
-0.567876, 0.475503, -0.599544, , , 
-0.290143, 0.414429, -0.616529, , , 
-0.141324, 0.016738, -0.762547, , , 
-0.127570, 0.181784, -0.826538, , , 
-0.332002, -0.324865, -1.229891, , , 
-0.258300, 0.092403, -0.762607, , , 
-0.509968, 0.310607, -0.645140, , , 
-0.556094, 0.275251, -0.697089, , , 
0.162922, 0.332849, -0.680613, , , 
-0.493727, 0.296958, -0.697962, , , 
0.403489, 0.070531, -0.871842, , , 
0.187834, 0.371265, -0.637081, , , 
-0.049171, 0.369908, -0.641616, , , 
-0.462791, 0.274653, -0.776464, , , 
-0.238500, 0.156246, -0.831343, , , 
-0.358311, -0.217910, -1.120465, , , 
-0.359272, 0.383268, -0.667681, , , 
-0.515697, 0.203413, -0.820236, , , 
0.146453, -0.097464, -1.091894, , , 
-0.212124, 0.457469, -0.598720, , , 
0.203768, -0.110842, -0.873885, , , 
0.299812, 0.196038, -0.760790, , , 
-0.208242, 0.454390, -0.577546, , , 
0.071856, 0.992230, -1.711424, , , 
-0.538886, 0.308524, -0.803698, , , 
0.193532, 0.201260, -0.759862, , , 
-0.506471, 0.307829, -0.637536, , , 
-0.107215, 0.067175, -0.886559, , , 
0.318396, -0.024549, -0.944195, , , 
-0.472689, 0.166795, -0.828269, , , 
0.319224, -0.024977, -0.949293, , , 
-0.187514, 0.136828, -0.748815, , , 
-0.494087, 0.298064, -0.699749, , , 
-0.049371, 0.430503, -0.641019, , , 
-0.418426, 0.495960, -0.636185, , , 
-0.212688, 0.456182, -0.600573, , , 
-0.447894, 0.386681, -0.654093, , , 
-0.211105, 0.039391, -0.730232, , , 
-0.065338, 0.434817, -0.600656, , , 
-0.379114, 0.449511, -0.578927, , , 
-0.172780, -0.031563, -0.789091, , , 
-0.573061, 0.340779, -0.666877, , , 
0.298916, 0.190574, -0.759579, , , 
-0.063639, 0.534186, -1.004818, , , 
-0.062643, 0.436156, -0.609563, , , 
-0.434340, 0.242841, -0.783991, , , 
0.408585, -0.153116, -0.972815, , , 
-0.112475, 0.068257, -0.877006, , , 
-0.140198, 0.021695, -0.733507, , , 
-0.361579, 0.138814, -0.878748, , , 
-0.269448, -0.032722, -0.819189, , , 
-0.124652, 0.032503, -0.795961, , , 
0.466311, -0.098087, -0.981094, , , 
-0.013342, 0.224529, -0.812662, , , 
0.441767, 0.186802, -0.818533, , , 
-0.494091, 0.339091, -0.709873, , , 
0.051636, 0.306684, -0.712401, , , 
0.087423, 1.065976, -1.898892, , , 
0.576318, 1.156316, -1.885542, , , 
0.009981, 0.346721, -0.670775, , , 
-0.125822, 0.065924, -0.675962, , , 
0.359242, 1.131985, -1.991396, , , 
-0.017925, 1.050753, -1.725402, , , 
-0.153315, 0.406254, -0.643566, , , 
0.722931, 0.896759, -1.586062, , , 
0.065783, 0.911788, -1.625237, , , 
0.600685, 0.965901, -1.737760, , , 
-0.440146, 0.144734, -0.811109, , , 
-0.141465, 0.173970, -0.840625, , , 
0.164471, 1.034610, -1.479706, , , 
-0.194029, 1.110201, -1.855113, , , 
0.873806, 1.018422, -1.952461, , , 
0.206475, 1.182889, -1.829205, , , 
0.056738, 0.908850, -1.488031, , , 
0.588754, 1.174304, -1.928572, , , 
0.262342, 0.933697, -1.473175, , , 
0.224010, 0.843714, -1.412226, , , 
0.627747, 0.888178, -1.849619, , , 
-0.422109, 0.497259, -0.641363, , , 
-0.129598, 0.060208, -0.700344, , , 
-0.172618, 0.263676, -0.784016, , , 
0.073190, 0.956671, -1.756127, , , 
-0.506431, 0.342963, -0.738680, , , 
0.592907, 0.953886, -1.718620, , , 
-0.196788, 0.056212, -0.661001, , , 
-0.359153, 0.145133, -0.866209, , , 
-0.464531, 0.136922, -0.874610, , , 
-0.187886, 1.065839, -1.746410, , , 
-0.642282, 1.140110, -1.624853, , , 
0.831385, 1.163844, -1.748209, , , 
0.149973, 0.391795, -0.623369, , , 
-0.380586, 0.263591, -0.787571, , , 
0.546973, 1.112001, -1.784605, , , 
0.363742, 0.114659, -0.820835, , , 
-0.291598, 0.414667, -0.618745, , , 
0.168366, 0.244616, -0.726171, , , 
-0.446741, 0.290103, -0.753183, , , 
0.892960, 1.019522, -1.626121, , , 
0.359064, 1.129738, -1.997606, , , 
-0.181527, 1.040404, -1.696985, , , 
-0.503234, 0.338474, -0.723897, , , 
0.055976, 0.326725, -0.719970, , , 
0.248488, 0.913845, -1.591432, , , 
0.863824, 1.014156, -1.937774, , , 
0.873998, 1.003599, -1.584066, , , 
0.883008, 1.032582, -1.991154, , , 
-0.050598, 0.379528, -0.731901, , , 
-0.494058, 0.288395, -0.895837, , , 
0.307621, 1.040425, -1.971077, , , 
0.180563, 0.384219, -0.639970, , , 
-0.398776, 0.240989, -0.776908, , , 
-0.585369, 0.880637, -1.244883, , , 
0.054378, 0.321474, -0.690883, , , 
-0.183021, 1.042021, -1.710323, , , 
0.374106, 0.076920, -0.863358, , , 
-0.198427, 0.098189, -0.727149, , , 
-0.181563, 1.037454, -1.691816, , , 
0.203122, 0.241099, -0.752743, , , 
-0.550736, -0.086764, -1.056410, , , 
-0.197816, 0.455235, -0.600894, , , 
-0.052046, 0.355609, -0.635843, , , 
-0.460825, 0.070350, -0.912265, , , 
-0.406285, 0.240331, -0.795182, , , 
-0.053533, 0.352873, -0.640070, , , 
-0.354342, 0.139099, -0.857036, , , 
0.059365, 0.333471, -0.670987, , , 
-0.380489, 0.089014, -0.929614, , , 
0.150533, 0.172689, -0.822351, , , 
-0.111166, 0.112797, -0.917551, , , 
-0.191447, -0.619393, -1.601897, , , 
-0.632103, -0.134451, -1.103604, , , 
-0.165015, -0.317487, -1.247755, , , 
-0.221876, -0.514413, -1.528169, , , 
-0.934156, -0.210806, -1.253454, , , 
-0.586037, -0.875861, -1.780695, , , 
-0.027237, -0.417027, -1.425429, , , 
-0.674756, -0.039315, -1.029835, , , 
-0.756063, -0.469564, -1.390764, , , 
-0.486186, -0.230326, -1.236336, , , 
-0.024956, -0.435655, -1.359399, , , 
-0.386560, -0.272055, -1.147827, , , 
0.006741, -0.063015, -0.992151, , , 
-0.329349, -0.043483, -0.970517, , , 
-0.285559, -0.008948, -0.852262, , , 
-0.604267, -0.894997, -1.860797, , , 
0.258858, -1.344187, -2.000298, , , 
-0.094553, -0.106071, -0.877899, , , 
0.375614, -0.642730, -1.015404, , , 
-0.307765, -1.176722, -2.535297, , , 
-0.765880, -0.339166, -1.275761, , , 
0.180140, -0.124158, -0.907207, , , 
-0.091537, -0.033528, -0.894971, , , 
-1.384779, -1.026334, -2.351436, , , 
0.292896, -0.846341, -1.077839, , , 
0.180773, -0.121730, -0.919487, , , 
-1.027040, -0.458169, -1.462898, , , 
-0.595620, -0.327171, -1.243837, , , 
0.187124, -0.116483, -0.954736, , , 
-0.089410, -0.096103, -0.880699, , , 
0.270909, -0.638322, -1.031184, , , 
0.039351, -0.108045, -0.930647, , , 
-0.516372, -0.056511, -1.025341, , , 
-1.848028, -1.158356, -3.236815, , , 
-0.398422, -0.277247, -1.217568, , , 
-0.749333, -0.507846, -1.475272, , , 
0.026306, -0.111156, -0.878795, , , 
-1.215729, -1.368978, -2.763993, , , 
-0.177849, -0.131410, -1.074750, , , 
-0.480452, -0.250229, -1.182691, , , 
0.278060, -0.649352, -1.061273, , , 
-0.230231, -0.261335, -1.259197, , , 
-0.997571, -0.451425, -1.413486, , , 
-0.568023, -0.242906, -1.233169, , , 
-0.240499, -0.421949, -1.449914, , , 
0.044632, -0.203751, -1.201241, , , 
0.396975, -0.161467, -0.934561, , , 
-0.603848, -0.327189, -1.255770, , , 
-0.174817, -0.517035, -1.514496, , , 
-1.862898, -1.165244, -3.266946, , , 
0.353330, -0.162537, -0.901332, , , 
0.317262, -0.736649, -1.095404, , , 
-0.167019, -0.318510, -1.247711, , , 
0.158486, -0.455320, -0.685614, , , 
-0.001023, -0.674295, -1.669541, , , 
-1.005852, -0.893766, -1.977521, , , 
-1.573339, -1.139837, -2.480819, , , 
0.899342, -1.761091, -2.667261, , , 
0.379451, -0.652157, -1.038657, , , 
0.289832, -0.660216, -1.092638, , , 
-0.056916, -0.526668, -1.526485, , , 
-0.206329, -0.880444, -1.120505, , , 
-0.010587, -0.674187, -1.641473, , , 
-0.561195, -0.094340, -1.062826, , , 
-0.882356, -0.423920, -1.426084, , , 
-0.004625, -0.265322, -1.166211, , , 
-0.133691, -0.072788, -0.940138, , , 
-0.989941, -0.396712, -1.461941, , , 
-0.439626, 0.275468, -0.777671, , , 
-0.542714, -0.482917, -1.442610, , , 
0.039105, -0.247846, -1.176785, , , 
-0.386537, -0.214630, -1.105982, , , 
-0.313803, 0.232606, -0.794652, , , 
-0.517394, -0.058804, -1.028240, , , 
-0.175611, -0.126614, -1.061693, , , 
0.521604, 0.156639, -0.820217, , , 
-0.160409, 0.077756, -0.762986, , , 
0.091984, 0.298951, -0.725686, , , 
-0.731019, -0.258769, -1.391177, , , 
0.268673, 0.099964, -0.826421, , , 
-0.204621, 0.208229, -1.000257, , , 
-0.451278, -0.285620, -1.146572, , , 
-0.519372, 0.197037, -0.821141, , , 
0.180095, -0.134840, -0.985499, , , 
-0.065883, 0.329521, -0.706559, , , 
-0.128317, 0.232131, -0.695582, , , 
-0.057491, 0.070058, -0.857758, , , 
-0.266369, -0.030720, -0.801370, , , 
0.234052, -0.066641, -0.965612, , , 
-0.700089, -0.097074, -1.076038, , , 
-0.262055, 0.089452, -0.784130, , , 
-0.210995, 0.282801, -0.777859, , , 
0.154901, 0.405291, -0.671501, , , 
-0.165311, 0.929977, -1.401708, , , 
0.397397, -0.150822, -0.956658, , , 
-0.171339, 0.419829, -0.602715, , , 
-0.449587, 0.237066, -0.831778, , , 
0.193897, 0.378099, -0.661540, , , 
-0.081913, -0.119892, -0.805286, , , 
0.483680, -0.180416, -1.075122, , , 
0.576049, 0.761088, -1.248025, , , 
-0.049925, 0.093227, -0.879151, , , 
-0.303003, 0.000213, -0.894704, , , 
0.056119, 0.323782, -0.698100, , , 
0.404832, -0.153432, -0.966064, , , 
-0.570127, -0.263083, -1.211778, , , 
0.175459, 0.122069, -0.833356, , , 
0.015411, -0.076645, -0.895959, , , 
-0.092250, -0.183173, -1.064680, , , 
-0.416234, 0.461411, -0.582378, , , 
-0.098423, -0.129882, -0.946363, , , 
-0.183045, -0.112983, -0.868134, , , 
-0.140896, 0.018122, -0.758400, , , 
-0.628623, 0.180678, -1.047904, , , 
-0.573377, 0.207515, -0.923180, , , 
-0.183860, -0.114347, -0.875436, , , 
0.289331, -0.143317, -0.972577, , , 
-0.088770, -0.039995, -0.874672, , , 
-0.441751, 0.469083, -0.612904, , , 
-0.429316, 0.511661, -0.664213, , , 
-0.136113, 0.244667, -0.762317, , , 
-0.669745, -0.229421, -1.255393, , , 
-0.049598, 0.432771, -0.616329, , , 
-0.091095, -0.050465, -0.922136, , , 
-0.436921, 0.456151, -0.565374, , , 
-0.364975, 0.195420, -0.815165, , , 
-0.196858, -0.132674, -0.959509, , , 
-0.041148, 0.020933, -0.872112, , , 
0.089929, 0.299091, -0.740388, , , 
-0.154291, 0.837475, -1.212571, , , 
-0.072908, 0.095091, -0.892214, , , 
-0.046996, 0.436285, -0.629954, , , 
0.189304, -0.103352, -0.926398, , , 
-0.464895, 0.473477, -0.599716, , , 
-0.172317, 0.421702, -0.606544, , , 
0.344074, 0.140750, -0.793375, , , 
-0.335018, -0.135486, -1.025220, , , 
0.313664, -0.036203, -1.010317, , , 
-0.470379, 0.139842, -0.862983, , , 
-0.391543, 0.087116, -0.979780, , , 
0.009361, -0.058279, -0.846964, , , 
-0.210653, 0.042307, -0.753738, , , 
-0.146340, 0.470422, -0.618089, , , 
0.614859, -0.153925, -1.323901, , , 
-0.063853, 0.328430, -0.697660, , , 
-0.411172, 0.361335, -0.680202, , , 
0.241277, 0.410156, -0.561652, , , 
-0.558098, 0.280893, -0.715413, , , 
-0.172932, 0.182061, -0.749503, , , 
-0.512182, 0.195189, -0.786991, , , 
-0.160209, 0.099148, -0.799272, , , 
-0.253737, 0.300657, -0.734970, , , 
0.390210, 0.131023, -0.796019, , , 
-0.487183, -0.231438, -1.233485, , , 
0.102388, 0.108480, -0.861863, , , 
0.357112, -0.038213, -1.087134, , , 
-0.301607, 0.000879, -0.895368, , , 
-0.100188, 0.308387, -0.793761, , , 
-0.074629, -0.324848, -1.276358, , , 
-0.108046, 0.072227, -0.974225, , , 
-0.001338, -0.041563, -0.861323, , , 
0.154277, 0.274760, -0.698471, , , 
-1.142562, -0.518835, -1.665357, , , 
0.271061, -0.149376, -1.294182, , , 
0.151511, 0.397532, -0.636960, , , 
-0.398875, 0.356065, -0.680037, , , 
-0.012767, 0.223037, -0.794593, , , 
-0.195702, -0.357862, -1.206023, , , 
-0.248770, 0.296875, -0.715885, , , 
0.192860, -0.122312, -0.965318, , , 
-0.139633, -0.088059, -0.959512, , , 
-0.258890, 0.367232, -0.542870, , , 
-0.512092, -0.042009, -1.013021, , , 
-0.187910, 0.184011, -0.816380, , , 
-0.362222, 0.144453, -0.889194, , , 
-0.372230, -0.052893, -0.958163, , , 
0.032322, -0.274430, -1.121668, , , 
-0.563080, 0.365975, -0.846072, , , 
-0.306892, 0.299422, -0.721937, , , 
0.140181, 0.373972, -0.573768, , , 
0.494129, -0.108780, -1.034545, , , 
-0.415681, 0.163818, -0.591271, , , 
0.325390, -0.044425, -1.164527, , , 
0.055842, 0.308488, -0.627305, , , 
-0.276389, 0.059341, -0.814135, , , 
-0.122735, 0.149149, -0.869927, , , 
0.029846, -0.256776, -1.062812, , , 
0.240177, 0.211863, -0.724355, , , 
-1.019557, -0.423140, -1.472538, , , 
-0.401994, 0.162800, -0.560852, , , 
-0.363159, -0.524645, -1.534122, , , 
-0.264807, -0.407003, -1.423959, , , 
-0.616311, 0.312725, -0.702501, , , 
-0.545395, 0.371114, -0.620524, , , 
-0.123754, 0.368877, -0.667360, , , 
-0.550787, 0.374683, -0.629843, , , 
-0.279066, 0.062275, -0.824794, , , 
0.515770, -0.169658, -1.371142, , , 
0.325154, 0.126277, -0.821501, , , 
-0.581789, 0.340802, -0.676428, , , 
-0.607668, -0.353449, -1.331558, , , 
0.391992, 0.183508, -0.780320, , , 
0.393184, 0.181857, -0.786374, , , 
-0.299583, 0.377260, -0.622410, , , 
0.097837, 0.122564, -0.888910, , , 
-0.060173, 0.001821, -1.222490, , , 
-0.565956, 0.034758, -0.661811, , , 
-0.182485, 0.268394, -0.751452, , , 
-0.421609, -0.060952, -1.063804, , , 
-0.467458, 0.470867, -0.590327, , , 
-0.251690, 0.296082, -0.706870, , , 
0.049134, 0.311792, -0.635870, , , 
-0.528826, 0.182647, -0.813299, , , 
0.232509, 0.144613, -0.804114, , , 
-0.698276, 0.263913, -0.954094, , , 
-0.238523, 0.404521, -0.625035, , , 
0.160680, 0.240677, -0.691883, , , 
0.058332, 0.035072, -1.020316, , , 
-0.470488, 0.065896, -0.933839, , , 
-0.434073, 0.229344, -0.822995, , , 
-0.088256, -0.104678, -0.843046, , , 
0.345715, 0.186565, -0.785067, , , 
-0.438255, 0.231318, -0.828423, , , 
-0.078994, -0.083970, -0.862877, , , 
-0.340090, -0.456750, -1.480714, , , 
-0.163861, -0.126421, -1.048908, , , 
-0.078230, -0.086631, -0.858662, , , 
-0.258818, -0.266461, -1.140994, , , 
-0.161888, -0.430597, -1.533561, , , 
0.019251, 0.195229, -0.842755, , , 
0.192280, 0.157105, -0.817839, , , 
-0.419128, 0.386286, -0.660310, , , 
-0.024299, 0.021976, -0.845357, , , 
0.019259, 0.194564, -0.830046, , , 
-0.552043, 0.189796, -0.944098, , , 
-0.448035, 0.465792, -0.586472, , , 
-0.051211, 0.423612, -0.597821, , , 
-0.649997, -0.219454, -1.216828, , , 
-0.507152, -0.113606, -1.090025, , , 
-0.020389, 0.247036, -0.795907, , , 
-0.558111, 0.399054, -0.686933, , , 
-0.262174, 0.060758, -0.747788, , , 
-0.186876, 0.180383, -0.784094, , , 
-0.456681, 0.291695, -0.782163, , , 
-0.363296, 0.287605, -0.717232, , , 
-0.364292, 0.294591, -0.736439, , , 
-0.435842, 0.227990, -0.840089, , , 
0.481184, 0.051733, -0.893329, , , 
-0.588228, -0.338198, -1.286417, , , 
